{"repoSenseVersion":"a4ee1877a9","reportGeneratedTime":"Fri Apr 29 17:18:03 2022 UTC","reportGenerationTime":" 1.20 second(s)","zoneId":"Etc/UTC","reportTitle":"RepoSense Report","repos":[{"location":{"location":"https://github.com/tlylt/reposense-action.git","repoName":"reposense-action","organization":"tlylt"},"branch":"main","displayName":"tlylt/reposense-action[main]","outputFolderName":"tlylt_reposense-action_main"}],"errorSet":[],"sinceDate":"2022-03-29","untilDate":"2022-04-29","isSinceDateProvided":false,"isUntilDateProvided":false}
