{"repoSenseVersion":"a4ee1877a9","reportGeneratedTime":"Tue May 3 00:45:19 2022 UTC","reportGenerationTime":" 2.70 second(s)","zoneId":"Etc/UTC","reportTitle":"RepoSense Report","repos":[{"location":{"location":"https://github.com/tlylt/reposense-action.git","repoName":"reposense-action","organization":"tlylt"},"branch":"main","displayName":"tlylt/reposense-action[main]","outputFolderName":"tlylt_reposense-action_main"}],"errorSet":[],"sinceDate":"2022-04-03","untilDate":"2022-05-03","isSinceDateProvided":false,"isUntilDateProvided":false}
