{"repoSenseVersion":"a4ee1877a9","reportGeneratedTime":"Mon May 2 03:58:58 2022 UTC","reportGenerationTime":" 1.41 second(s)","zoneId":"Etc/UTC","reportTitle":"RepoSense Report","repos":[{"location":{"location":"https://github.com/tlylt/reposense-action.git","repoName":"reposense-action","organization":"tlylt"},"branch":"main","displayName":"tlylt/reposense-action[main]","outputFolderName":"tlylt_reposense-action_main"}],"errorSet":[],"sinceDate":"2022-04-02","untilDate":"2022-05-02","isSinceDateProvided":false,"isUntilDateProvided":false}
