{"repoSenseVersion":"5cd529fb46","reportGeneratedTime":"Tue Jun 13 00:05:52 2023 UTC","reportGenerationTime":" 1.92 second(s)","zoneId":"Etc/UTC","reportTitle":"RepoSense Report","repos":[{"location":{"location":"https://github.com/reposense/reposense-action.git","repoName":"reposense-action","organization":"reposense","domainName":"github"},"branch":"main","displayName":"reposense/reposense-action[main]","outputFolderName":"reposense_reposense-action_main"}],"errorSet":[],"sinceDate":"2022-04-29","untilDate":"2023-06-13","isSinceDateProvided":true,"isUntilDateProvided":false,"supportedDomainUrlMap":{"NOT_RECOGNIZED":{"BRANCH":"","REPO_URL":"UNSUPPORTED","BASE_URL":"UNSUPPORTED","HISTORY_PATH":"","COMMIT_PATH":"","BLAME_PATH":""},"github":{"BRANCH":"tree/$BRANCH","REPO_URL":"https://github.com/$ORGANIZATION/$REPO_NAME/","BASE_URL":"https://github.com/","HISTORY_PATH":"commits/$BRANCH/$FILE_PATH","COMMIT_PATH":"commit/$COMMIT_HASH","BLAME_PATH":"blame/$BRANCH/$FILE_PATH"}}}
