{"repoSenseVersion":"6527c96550","reportGeneratedTime":"Sun Mar 19 00:06:23 2023 UTC","reportGenerationTime":" 1.30 second(s)","zoneId":"Etc/UTC","reportTitle":"RepoSense Report","repos":[{"location":{"location":"https://github.com/tlylt/reposense-action.git","repoName":"reposense-action","organization":"tlylt","domainName":"github"},"branch":"main","displayName":"tlylt/reposense-action[main]","outputFolderName":"tlylt_reposense-action_main"}],"errorSet":[],"sinceDate":"2022-04-29","untilDate":"2023-03-19","isSinceDateProvided":true,"isUntilDateProvided":false,"supportedDomainUrlMap":{"NOT_RECOGNIZED":{"BRANCH":"","REPO_URL":"UNSUPPORTED","BASE_URL":"UNSUPPORTED","HISTORY_PATH":"","COMMIT_PATH":"","BLAME_PATH":""},"github":{"BRANCH":"tree/$BRANCH","REPO_URL":"https://github.com/$ORGANIZATION/$REPO_NAME/","BASE_URL":"https://github.com/","HISTORY_PATH":"commits/$BRANCH/$FILE_PATH","COMMIT_PATH":"commit/$COMMIT_HASH","BLAME_PATH":"blame/$BRANCH/$FILE_PATH"}}}
