{"repoSenseVersion":"07d6ce9e9c","reportGeneratedTime":"Sat Aug 27 00:50:34 2022 UTC","reportGenerationTime":" 0.90 second(s)","zoneId":"Etc/UTC","reportTitle":"RepoSense Report","repos":[{"location":{"location":"https://github.com/tlylt/reposense-action.git","repoName":"reposense-action","organization":"tlylt","domainName":"github"},"branch":"main","displayName":"tlylt/reposense-action[main]","outputFolderName":"tlylt_reposense-action_main"}],"errorSet":[],"sinceDate":"2022-07-27","untilDate":"2022-08-27","isSinceDateProvided":false,"isUntilDateProvided":false,"supportedDomainUrlMap":{"NOT_RECOGNIZED":{"BRANCH":"","REPO_URL":"UNSUPPORTED","BASE_URL":"UNSUPPORTED","HISTORY_PATH":"","COMMIT_PATH":"","BLAME_PATH":""},"github":{"BRANCH":"tree/$BRANCH","REPO_URL":"https://github.com/$ORGANIZATION/$REPO_NAME/","BASE_URL":"https://github.com/","HISTORY_PATH":"commits/$BRANCH/$FILE_PATH","COMMIT_PATH":"commit/$COMMIT_HASH","BLAME_PATH":"blame/$BRANCH/$FILE_PATH"}}}
