{"repoSenseVersion":"a4ee1877a9","reportGeneratedTime":"Sat Apr 30 00:34:42 2022 UTC","reportGenerationTime":" 0.93 second(s)","zoneId":"Etc/UTC","reportTitle":"RepoSense Report","repos":[{"location":{"location":"https://github.com/tlylt/reposense-action.git","repoName":"reposense-action","organization":"tlylt"},"branch":"main","displayName":"tlylt/reposense-action[main]","outputFolderName":"tlylt_reposense-action_main"}],"errorSet":[],"sinceDate":"2022-03-30","untilDate":"2022-04-30","isSinceDateProvided":false,"isUntilDateProvided":false}
