{"repoSenseVersion":"a4ee1877a9","reportGeneratedTime":"Sun May 1 00:55:30 2022 UTC","reportGenerationTime":" 0.92 second(s)","zoneId":"Etc/UTC","reportTitle":"RepoSense Report","repos":[{"location":{"location":"https://github.com/tlylt/reposense-action.git","repoName":"reposense-action","organization":"tlylt"},"branch":"main","displayName":"tlylt/reposense-action[main]","outputFolderName":"tlylt_reposense-action_main"}],"errorSet":[],"sinceDate":"2022-04-01","untilDate":"2022-05-01","isSinceDateProvided":false,"isUntilDateProvided":false}
