[{"path":".github/workflows/test.yml","fileType":"yml","lines":[{"lineNumber":1,"author":{"gitId":"tlylt"},"content":"name: Test"},{"lineNumber":2,"author":{"gitId":"tlylt"},"content":""},{"lineNumber":3,"author":{"gitId":"tlylt"},"content":"on:"},{"lineNumber":4,"author":{"gitId":"tlylt"},"content":"  push:"},{"lineNumber":5,"author":{"gitId":"tlylt"},"content":"    branches:"},{"lineNumber":6,"author":{"gitId":"tlylt"},"content":"      - main"},{"lineNumber":7,"author":{"gitId":"tlylt"},"content":"  schedule:"},{"lineNumber":8,"author":{"gitId":"tlylt"},"content":"    - cron: \u00270 0 * * *\u0027"},{"lineNumber":9,"author":{"gitId":"tlylt"},"content":"# For scheduled deployment with Cron Jobs."},{"lineNumber":10,"author":{"gitId":"tlylt"},"content":"## Examples of cron schedule expressions:"},{"lineNumber":11,"author":{"gitId":"tlylt"},"content":"### \u00270 * * * *\u0027: hourly"},{"lineNumber":12,"author":{"gitId":"tlylt"},"content":"### \u00270 0 * * *\u0027: daily"},{"lineNumber":13,"author":{"gitId":"tlylt"},"content":"### \u00270 0 1 * *\u0027: monthly"},{"lineNumber":14,"author":{"gitId":"tlylt"},"content":""},{"lineNumber":15,"author":{"gitId":"tlylt"},"content":"jobs:"},{"lineNumber":16,"author":{"gitId":"tlylt"},"content":"  deploy:"},{"lineNumber":17,"author":{"gitId":"tlylt"},"content":"    runs-on: ubuntu-latest"},{"lineNumber":18,"author":{"gitId":"tlylt"},"content":""},{"lineNumber":19,"author":{"gitId":"tlylt"},"content":"    steps:"},{"lineNumber":20,"author":{"gitId":"tlylt"},"content":"      - uses: reposense/reposense-action@main"},{"lineNumber":21,"author":{"gitId":"tlylt"},"content":"        with:"},{"lineNumber":22,"author":{"gitId":"tlylt"},"content":"          token: ${{ secrets.GITHUB_TOKEN }} # Required"},{"lineNumber":23,"author":{"gitId":"tlylt"},"content":"          version: \u0027release\u0027 # Optional | Default: release | Other: master/tag v1.6.1/etc"},{"lineNumber":24,"author":{"gitId":"tlylt"},"content":"          configDirectory: \u0027configs\u0027 # Optional | Default: configs"},{"lineNumber":25,"author":{"gitId":"tlylt"},"content":"          service: \u0027gh-pages\u0027 # Optional | Default: gh-pages | Other: surge"},{"lineNumber":26,"author":{"gitId":"tlylt"},"content":"          cliArgs: \u0027--since d1\u0027 # Optional | Default: \u0027\u0027"},{"lineNumber":27,"author":{"gitId":"tlylt"},"content":"      - uses: reposense/reposense-action@main"},{"lineNumber":28,"author":{"gitId":"tlylt"},"content":"        with:"},{"lineNumber":29,"author":{"gitId":"tlylt"},"content":"          token: ${{ secrets.SURGE_TOKEN }} # Required"},{"lineNumber":30,"author":{"gitId":"tlylt"},"content":"          version: \u0027release\u0027 # Optional | Default: release | Other: master/tag v1.6.1/etc"},{"lineNumber":31,"author":{"gitId":"tlylt"},"content":"          configDirectory: \u0027configs\u0027 # Optional | Default: configs"},{"lineNumber":32,"author":{"gitId":"tlylt"},"content":"          service: \u0027surge\u0027"},{"lineNumber":33,"author":{"gitId":"tlylt"},"content":"          domain: \u0027reposense-action.surge.sh\u0027"},{"lineNumber":34,"author":{"gitId":"tlylt"},"content":"          cliArgs: \u0027--since d1\u0027 # Optional | Default: \u0027\u0027"}],"authorContributionMap":{"tlylt":34}},{"path":".gitignore","fileType":"gitignore","lines":[{"lineNumber":1,"author":{"gitId":"tlylt"},"content":"reposense-report/"},{"lineNumber":2,"author":{"gitId":"tlylt"},"content":"RepoSense/"},{"lineNumber":3,"author":{"gitId":"tlylt"},"content":"reposense/"}],"authorContributionMap":{"tlylt":3}},{"path":"LICENSE","fileType":"LICENSE","lines":[{"lineNumber":1,"author":{"gitId":"tlylt"},"content":"MIT License"},{"lineNumber":2,"author":{"gitId":"tlylt"},"content":""},{"lineNumber":3,"author":{"gitId":"tlylt"},"content":"Copyright (c) 2023 Liu Yongliang"},{"lineNumber":4,"author":{"gitId":"tlylt"},"content":""},{"lineNumber":5,"author":{"gitId":"tlylt"},"content":"Permission is hereby granted, free of charge, to any person obtaining a copy"},{"lineNumber":6,"author":{"gitId":"tlylt"},"content":"of this software and associated documentation files (the \"Software\"), to deal"},{"lineNumber":7,"author":{"gitId":"tlylt"},"content":"in the Software without restriction, including without limitation the rights"},{"lineNumber":8,"author":{"gitId":"tlylt"},"content":"to use, copy, modify, merge, publish, distribute, sublicense, and/or sell"},{"lineNumber":9,"author":{"gitId":"tlylt"},"content":"copies of the Software, and to permit persons to whom the Software is"},{"lineNumber":10,"author":{"gitId":"tlylt"},"content":"furnished to do so, subject to the following conditions:"},{"lineNumber":11,"author":{"gitId":"tlylt"},"content":""},{"lineNumber":12,"author":{"gitId":"tlylt"},"content":"The above copyright notice and this permission notice shall be included in all"},{"lineNumber":13,"author":{"gitId":"tlylt"},"content":"copies or substantial portions of the Software."},{"lineNumber":14,"author":{"gitId":"tlylt"},"content":""},{"lineNumber":15,"author":{"gitId":"tlylt"},"content":"THE SOFTWARE IS PROVIDED \"AS IS\", WITHOUT WARRANTY OF ANY KIND, EXPRESS OR"},{"lineNumber":16,"author":{"gitId":"tlylt"},"content":"IMPLIED, INCLUDING BUT NOT LIMITED TO THE WARRANTIES OF MERCHANTABILITY,"},{"lineNumber":17,"author":{"gitId":"tlylt"},"content":"FITNESS FOR A PARTICULAR PURPOSE AND NONINFRINGEMENT. IN NO EVENT SHALL THE"},{"lineNumber":18,"author":{"gitId":"tlylt"},"content":"AUTHORS OR COPYRIGHT HOLDERS BE LIABLE FOR ANY CLAIM, DAMAGES OR OTHER"},{"lineNumber":19,"author":{"gitId":"tlylt"},"content":"LIABILITY, WHETHER IN AN ACTION OF CONTRACT, TORT OR OTHERWISE, ARISING FROM,"},{"lineNumber":20,"author":{"gitId":"tlylt"},"content":"OUT OF OR IN CONNECTION WITH THE SOFTWARE OR THE USE OR OTHER DEALINGS IN THE"},{"lineNumber":21,"author":{"gitId":"tlylt"},"content":"SOFTWARE."}],"authorContributionMap":{"tlylt":21}},{"path":"README.md","fileType":"md","lines":[{"lineNumber":1,"author":{"gitId":"tlylt"},"content":"# reposense-action"},{"lineNumber":2,"author":{"gitId":"tlylt"},"content":""},{"lineNumber":3,"author":{"gitId":"tlylt"},"content":"[![GitHub CI](https://github.com/reposense/reposense-action/actions/workflows/test.yml/badge.svg)](https://github.com/reposense/reposense-action/actions/workflows/test.yml)"},{"lineNumber":4,"author":{"gitId":"tlylt"},"content":""},{"lineNumber":5,"author":{"gitId":"tlylt"},"content":"This action provides the following functionality for GitHub Actions users:"},{"lineNumber":6,"author":{"gitId":"tlylt"},"content":""},{"lineNumber":7,"author":{"gitId":"tlylt"},"content":"- Deploy a RepoSense report to GitHub pages/surge"},{"lineNumber":8,"author":{"gitId":"tlylt"},"content":""},{"lineNumber":9,"author":{"gitId":"tlylt"},"content":"See an example of the report hosted for this very repository"},{"lineNumber":10,"author":{"gitId":"tlylt"},"content":""},{"lineNumber":11,"author":{"gitId":"tlylt"},"content":"- [with GitHub pages](https://reposense.github.io/reposense-action/)"},{"lineNumber":12,"author":{"gitId":"tlylt"},"content":"- [with surge.sh](https://reposense-action.surge.sh/)"},{"lineNumber":13,"author":{"gitId":"tlylt"},"content":""},{"lineNumber":14,"author":{"gitId":"tlylt"},"content":"\u003cdetails\u003e"},{"lineNumber":15,"author":{"gitId":"tlylt"},"content":"\u003csummary\u003e \u003cb\u003eWhat is RepoSense\u003c/b\u003e \u003c/summary\u003e"},{"lineNumber":16,"author":{"gitId":"tlylt"},"content":""},{"lineNumber":17,"author":{"gitId":"tlylt"},"content":"[RepoSense](https://reposense.org/) is a tool for analyzing GitHub repositories and generating reports."},{"lineNumber":18,"author":{"gitId":"tlylt"},"content":""},{"lineNumber":19,"author":{"gitId":"tlylt"},"content":"- Read the User Guide [here](https://reposense.org/ug/index.html)"},{"lineNumber":20,"author":{"gitId":"tlylt"},"content":"- Understand how to specify the config files [here](https://reposense.org/ug/configFiles.html)"},{"lineNumber":21,"author":{"gitId":"tlylt"},"content":""},{"lineNumber":22,"author":{"gitId":"tlylt"},"content":"\u003c/details\u003e"},{"lineNumber":23,"author":{"gitId":"tlylt"},"content":""},{"lineNumber":24,"author":{"gitId":"tlylt"},"content":"## Usage"},{"lineNumber":25,"author":{"gitId":"tlylt"},"content":""},{"lineNumber":26,"author":{"gitId":"tlylt"},"content":"A simple 2-step process:"},{"lineNumber":27,"author":{"gitId":"tlylt"},"content":""},{"lineNumber":28,"author":{"gitId":"tlylt"},"content":"- Specify the config files in the `configs` folder of your repo."},{"lineNumber":29,"author":{"gitId":"tlylt"},"content":"  - You may see a sample config files in the [`configs` folder](./configs)."},{"lineNumber":30,"author":{"gitId":"tlylt"},"content":"  - Using a different folder name is possible, just ensure you pass the correct folder name to the action."},{"lineNumber":31,"author":{"gitId":"tlylt"},"content":"- Create a `reposense.yml` with the following content in `.github/workflows/`"},{"lineNumber":32,"author":{"gitId":"tlylt"},"content":"  - Make changes as necessary, such as the triggering event"},{"lineNumber":33,"author":{"gitId":"tlylt"},"content":""},{"lineNumber":34,"author":{"gitId":"tlylt"},"content":"```yaml"},{"lineNumber":35,"author":{"gitId":"tlylt"},"content":"name: Deploy RepoSense report"},{"lineNumber":36,"author":{"gitId":"tlylt"},"content":""},{"lineNumber":37,"author":{"gitId":"tlylt"},"content":"on:"},{"lineNumber":38,"author":{"gitId":"tlylt"},"content":"# For active deployment on push to main branch"},{"lineNumber":39,"author":{"gitId":"tlylt"},"content":"  push:"},{"lineNumber":40,"author":{"gitId":"tlylt"},"content":"    branches:"},{"lineNumber":41,"author":{"gitId":"tlylt"},"content":"      - main"},{"lineNumber":42,"author":{"gitId":"tlylt"},"content":""},{"lineNumber":43,"author":{"gitId":"tlylt"},"content":"# For scheduled deployment with Cron Jobs."},{"lineNumber":44,"author":{"gitId":"tlylt"},"content":"## Examples of cron schedule expressions:"},{"lineNumber":45,"author":{"gitId":"tlylt"},"content":"### \u00270 * * * *\u0027: hourly"},{"lineNumber":46,"author":{"gitId":"tlylt"},"content":"### \u00270 0 * * *\u0027: daily"},{"lineNumber":47,"author":{"gitId":"tlylt"},"content":"### \u00270 0 1 * *\u0027: monthly"},{"lineNumber":48,"author":{"gitId":"tlylt"},"content":"#   schedule:"},{"lineNumber":49,"author":{"gitId":"tlylt"},"content":"#     - cron:  \u00270 0 * * *\u0027"},{"lineNumber":50,"author":{"gitId":"tlylt"},"content":""},{"lineNumber":51,"author":{"gitId":"tlylt"},"content":"jobs:"},{"lineNumber":52,"author":{"gitId":"tlylt"},"content":"  deploy:"},{"lineNumber":53,"author":{"gitId":"tlylt"},"content":"    runs-on: ubuntu-latest"},{"lineNumber":54,"author":{"gitId":"tlylt"},"content":"    steps:"},{"lineNumber":55,"author":{"gitId":"tlylt"},"content":"    - uses: reposense/reposense-action@v1"},{"lineNumber":56,"author":{"gitId":"tlylt"},"content":"      with:"},{"lineNumber":57,"author":{"gitId":"tlylt"},"content":"        token: ${{ secrets.GITHUB_TOKEN }} # Required"},{"lineNumber":58,"author":{"gitId":"tlylt"},"content":"        version: \u0027release\u0027 # Optional | Default: release | Other: master/tag v1.6.1/etc"},{"lineNumber":59,"author":{"gitId":"tlylt"},"content":"        configDirectory: \u0027configs\u0027 # Optional | Default: configs"},{"lineNumber":60,"author":{"gitId":"tlylt"},"content":"        service: \u0027gh-pages\u0027 # Optional | Default: gh-pages | Other: surge"},{"lineNumber":61,"author":{"gitId":"tlylt"},"content":"        domain: \u0027\u0027 # Optional (Required if service \u003d surge) | Default: \u0027\u0027 | Other: \u0027\u003csubDomain\u003e.surge.sh\u0027"},{"lineNumber":62,"author":{"gitId":"tlylt"},"content":"```"},{"lineNumber":63,"author":{"gitId":"tlylt"},"content":""},{"lineNumber":64,"author":{"gitId":"tlylt"},"content":"## Option details"},{"lineNumber":65,"author":{"gitId":"tlylt"},"content":""},{"lineNumber":66,"author":{"gitId":"tlylt"},"content":"### service"},{"lineNumber":67,"author":{"gitId":"tlylt"},"content":""},{"lineNumber":68,"author":{"gitId":"tlylt"},"content":"Currently two types of publishing services are supported:"},{"lineNumber":69,"author":{"gitId":"tlylt"},"content":""},{"lineNumber":70,"author":{"gitId":"tlylt"},"content":"- GitHub Pages"},{"lineNumber":71,"author":{"gitId":"tlylt"},"content":"  - `\u0027gh-pages\u0027`"},{"lineNumber":72,"author":{"gitId":"tlylt"},"content":"  - See [here](https://docs.github.com/en/pages/getting-started-with-github-pages) for more details"},{"lineNumber":73,"author":{"gitId":"tlylt"},"content":"- Surge.sh"},{"lineNumber":74,"author":{"gitId":"tlylt"},"content":"  - `\u0027surge\u0027`"},{"lineNumber":75,"author":{"gitId":"tlylt"},"content":"  - See [here](https://surge.sh/) for more details"},{"lineNumber":76,"author":{"gitId":"tlylt"},"content":""},{"lineNumber":77,"author":{"gitId":"tlylt"},"content":"### token"},{"lineNumber":78,"author":{"gitId":"tlylt"},"content":""},{"lineNumber":79,"author":{"gitId":"tlylt"},"content":"Currently two types of tokens are supported (correspond to the two supported publishing services):"},{"lineNumber":80,"author":{"gitId":"tlylt"},"content":""},{"lineNumber":81,"author":{"gitId":"tlylt"},"content":"- Token for GitHub Pages"},{"lineNumber":82,"author":{"gitId":"tlylt"},"content":"  - Simply use `${{ secrets.GITHUB_TOKEN }}`"},{"lineNumber":83,"author":{"gitId":"tlylt"},"content":"  - Note that you need to ensure that you have selected the branch that you want to deploy to in your [GitHub repo\u0027s Pages settings](https://docs.github.com/en/pages/getting-started-with-github-pages/configuring-a-publishing-source-for-your-github-pages-site#choosing-a-publishing-source)"},{"lineNumber":84,"author":{"gitId":"tlylt"},"content":"  - Deployment to GitHub Pages might take 5-10 minutes before the site is available/refreshed"},{"lineNumber":85,"author":{"gitId":"tlylt"},"content":"- Token for Surge.sh"},{"lineNumber":86,"author":{"gitId":"tlylt"},"content":"  - `${{ secrets.SURGE_TOKEN }}`"},{"lineNumber":87,"author":{"gitId":"tlylt"},"content":"    - `SURGE_TOKEN` is the environment secret name"},{"lineNumber":88,"author":{"gitId":"tlylt"},"content":"  - Require registration with an email address"},{"lineNumber":89,"author":{"gitId":"tlylt"},"content":"  - After retrieving the token, put the token as a repository secret in your repository"},{"lineNumber":90,"author":{"gitId":"tlylt"},"content":"  - See [here](https://surge-token-guide.surge.sh/) for a detailed guide on how to retrieve the token"},{"lineNumber":91,"author":{"gitId":"tlylt"},"content":""},{"lineNumber":92,"author":{"gitId":"tlylt"},"content":"### domain"},{"lineNumber":93,"author":{"gitId":"tlylt"},"content":""},{"lineNumber":94,"author":{"gitId":"tlylt"},"content":"The domain that the site is available at. Required if `service` chosen is Surge."},{"lineNumber":95,"author":{"gitId":"tlylt"},"content":""},{"lineNumber":96,"author":{"gitId":"tlylt"},"content":"- A surge.sh subdomain"},{"lineNumber":97,"author":{"gitId":"tlylt"},"content":"  - `\u0027\u003csubDomain\u003e.surge.sh\u0027`"},{"lineNumber":98,"author":{"gitId":"tlylt"},"content":"  - Surge allows you to specify a subdomain for free as long as it has not been taken up by others. You have to ensure that the `\u003csubDomain\u003e` is unique."},{"lineNumber":99,"author":{"gitId":"tlylt"},"content":"  - A possible subdomain to use is your repository name: e.g. `mb-test.surge.sh`"},{"lineNumber":100,"author":{"gitId":"tlylt"},"content":"- A custom domain that you have configured with Surge"},{"lineNumber":101,"author":{"gitId":"tlylt"},"content":"  - Read the [Surge documentation](https://surge.sh/help/adding-a-custom-domain) to understand how to set it up"},{"lineNumber":102,"author":{"gitId":"tlylt"},"content":""},{"lineNumber":103,"author":{"gitId":"tlylt"},"content":"### cliArgs"},{"lineNumber":104,"author":{"gitId":"tlylt"},"content":""},{"lineNumber":105,"author":{"gitId":"tlylt"},"content":"Additional arguments to pass to the RepoSense CLI. See [here](https://reposense.org/ug/cli.html) for more details."},{"lineNumber":106,"author":{"gitId":"tlylt"},"content":""},{"lineNumber":107,"author":{"gitId":"tlylt"},"content":"- \u0027--since d1\u0027"},{"lineNumber":108,"author":{"gitId":"tlylt"},"content":"  - Useful if you want to generate a report for a specific period of time, e.g. the start of the commit history to the current date"},{"lineNumber":109,"author":{"gitId":"tlylt"},"content":"  - The default (without the above) is to generate a report for the past 1 month"},{"lineNumber":110,"author":{"gitId":"tlylt"},"content":""},{"lineNumber":111,"author":{"gitId":"tlylt"},"content":"## Recipes"},{"lineNumber":112,"author":{"gitId":"tlylt"},"content":""},{"lineNumber":113,"author":{"gitId":"tlylt"},"content":"### Deploy to Github Pages every day"},{"lineNumber":114,"author":{"gitId":"tlylt"},"content":""},{"lineNumber":115,"author":{"gitId":"tlylt"},"content":"```yaml"},{"lineNumber":116,"author":{"gitId":"tlylt"},"content":"name: RepoSense Action"},{"lineNumber":117,"author":{"gitId":"tlylt"},"content":""},{"lineNumber":118,"author":{"gitId":"tlylt"},"content":"on:"},{"lineNumber":119,"author":{"gitId":"tlylt"},"content":"  schedule:"},{"lineNumber":120,"author":{"gitId":"tlylt"},"content":"    - cron:  \u00270 0 * * *\u0027"},{"lineNumber":121,"author":{"gitId":"tlylt"},"content":""},{"lineNumber":122,"author":{"gitId":"tlylt"},"content":"jobs:"},{"lineNumber":123,"author":{"gitId":"tlylt"},"content":"  deploy:"},{"lineNumber":124,"author":{"gitId":"tlylt"},"content":"    runs-on: ubuntu-latest"},{"lineNumber":125,"author":{"gitId":"tlylt"},"content":"    steps:"},{"lineNumber":126,"author":{"gitId":"tlylt"},"content":"    - uses: reposense/reposense-action@v1"},{"lineNumber":127,"author":{"gitId":"tlylt"},"content":"      with:"},{"lineNumber":128,"author":{"gitId":"tlylt"},"content":"        token: ${{ secrets.GITHUB_TOKEN }}"},{"lineNumber":129,"author":{"gitId":"tlylt"},"content":"```"},{"lineNumber":130,"author":{"gitId":"tlylt"},"content":""},{"lineNumber":131,"author":{"gitId":"tlylt"},"content":"### Deploy with a different config folder name"},{"lineNumber":132,"author":{"gitId":"tlylt"},"content":""},{"lineNumber":133,"author":{"gitId":"tlylt"},"content":"```yaml"},{"lineNumber":134,"author":{"gitId":"tlylt"},"content":"name: RepoSense Action"},{"lineNumber":135,"author":{"gitId":"tlylt"},"content":""},{"lineNumber":136,"author":{"gitId":"tlylt"},"content":"on:"},{"lineNumber":137,"author":{"gitId":"tlylt"},"content":"  schedule:"},{"lineNumber":138,"author":{"gitId":"tlylt"},"content":"    - cron:  \u00270 0 * * *\u0027"},{"lineNumber":139,"author":{"gitId":"tlylt"},"content":""},{"lineNumber":140,"author":{"gitId":"tlylt"},"content":"jobs:"},{"lineNumber":141,"author":{"gitId":"tlylt"},"content":"  deploy:"},{"lineNumber":142,"author":{"gitId":"tlylt"},"content":"    runs-on: ubuntu-latest"},{"lineNumber":143,"author":{"gitId":"tlylt"},"content":"    steps:"},{"lineNumber":144,"author":{"gitId":"tlylt"},"content":"    - uses: reposense/reposense-action@v1"},{"lineNumber":145,"author":{"gitId":"tlylt"},"content":"      with:"},{"lineNumber":146,"author":{"gitId":"tlylt"},"content":"        token: ${{ secrets.GITHUB_TOKEN }}"},{"lineNumber":147,"author":{"gitId":"tlylt"},"content":"        configDirectory: \u0027reposense-configs\u0027"},{"lineNumber":148,"author":{"gitId":"tlylt"},"content":"```"},{"lineNumber":149,"author":{"gitId":"tlylt"},"content":""},{"lineNumber":150,"author":{"gitId":"tlylt"},"content":"### Deploy with surge.sh"},{"lineNumber":151,"author":{"gitId":"tlylt"},"content":""},{"lineNumber":152,"author":{"gitId":"tlylt"},"content":"```yaml"},{"lineNumber":153,"author":{"gitId":"tlylt"},"content":"name: RepoSense Action"},{"lineNumber":154,"author":{"gitId":"tlylt"},"content":""},{"lineNumber":155,"author":{"gitId":"tlylt"},"content":"on:"},{"lineNumber":156,"author":{"gitId":"tlylt"},"content":"  schedule:"},{"lineNumber":157,"author":{"gitId":"tlylt"},"content":"    - cron:  \u00270 0 * * *\u0027"},{"lineNumber":158,"author":{"gitId":"tlylt"},"content":""},{"lineNumber":159,"author":{"gitId":"tlylt"},"content":"jobs:"},{"lineNumber":160,"author":{"gitId":"tlylt"},"content":"  deploy:"},{"lineNumber":161,"author":{"gitId":"tlylt"},"content":"    runs-on: ubuntu-latest"},{"lineNumber":162,"author":{"gitId":"tlylt"},"content":"    steps:"},{"lineNumber":163,"author":{"gitId":"tlylt"},"content":"    - uses: reposense/reposense-action@v1"},{"lineNumber":164,"author":{"gitId":"tlylt"},"content":"      with:"},{"lineNumber":165,"author":{"gitId":"tlylt"},"content":"        token: ${{ secrets.SURGE_TOKEN }}"},{"lineNumber":166,"author":{"gitId":"tlylt"},"content":"        service: \u0027surge\u0027"},{"lineNumber":167,"author":{"gitId":"tlylt"},"content":"        domain: \u0027whatever-subdomain-test.surge.sh\u0027"},{"lineNumber":168,"author":{"gitId":"tlylt"},"content":"```"},{"lineNumber":169,"author":{"gitId":"tlylt"},"content":""},{"lineNumber":170,"author":{"gitId":"tlylt"},"content":"## Testing"},{"lineNumber":171,"author":{"gitId":"tlylt"},"content":""},{"lineNumber":172,"author":{"gitId":"tlylt"},"content":"```yaml"},{"lineNumber":173,"author":{"gitId":"tlylt"},"content":"name: Test reposense-action"},{"lineNumber":174,"author":{"gitId":"tlylt"},"content":""},{"lineNumber":175,"author":{"gitId":"tlylt"},"content":"on:"},{"lineNumber":176,"author":{"gitId":"tlylt"},"content":"  push:"},{"lineNumber":177,"author":{"gitId":"tlylt"},"content":"    branches:"},{"lineNumber":178,"author":{"gitId":"tlylt"},"content":"      - main"},{"lineNumber":179,"author":{"gitId":"tlylt"},"content":""},{"lineNumber":180,"author":{"gitId":"tlylt"},"content":"jobs:"},{"lineNumber":181,"author":{"gitId":"tlylt"},"content":"  deploy:"},{"lineNumber":182,"author":{"gitId":"tlylt"},"content":"    runs-on: ubuntu-latest"},{"lineNumber":183,"author":{"gitId":"tlylt"},"content":""},{"lineNumber":184,"author":{"gitId":"tlylt"},"content":"    steps:"},{"lineNumber":185,"author":{"gitId":"tlylt"},"content":"    - uses: reposense/reposense-action@main"},{"lineNumber":186,"author":{"gitId":"tlylt"},"content":"      with:"},{"lineNumber":187,"author":{"gitId":"tlylt"},"content":"        token: ${{ secrets.GITHUB_TOKEN }}"},{"lineNumber":188,"author":{"gitId":"tlylt"},"content":"        version: \u0027release\u0027"},{"lineNumber":189,"author":{"gitId":"tlylt"},"content":"        configDirectory: \u0027configs\u0027"},{"lineNumber":190,"author":{"gitId":"tlylt"},"content":"        service: \u0027gh-pages\u0027"},{"lineNumber":191,"author":{"gitId":"tlylt"},"content":"    - uses: reposense/reposense-action@main"},{"lineNumber":192,"author":{"gitId":"tlylt"},"content":"      with:"},{"lineNumber":193,"author":{"gitId":"tlylt"},"content":"        token: ${{ secrets.SURGE_TOKEN }} # Required"},{"lineNumber":194,"author":{"gitId":"tlylt"},"content":"        version: \u0027release\u0027 # Optional | Default: release | Other: master/tag v1.6.1/etc"},{"lineNumber":195,"author":{"gitId":"tlylt"},"content":"        configDirectory: \u0027configs\u0027 # Optional | Default: configs"},{"lineNumber":196,"author":{"gitId":"tlylt"},"content":"        service: \u0027surge\u0027"},{"lineNumber":197,"author":{"gitId":"tlylt"},"content":"        domain: \u0027reposense-action.surge.sh\u0027"},{"lineNumber":198,"author":{"gitId":"tlylt"},"content":"```"},{"lineNumber":199,"author":{"gitId":"tlylt"},"content":""},{"lineNumber":200,"author":{"gitId":"tlylt"},"content":"## Troubleshooting"},{"lineNumber":201,"author":{"gitId":"tlylt"},"content":""},{"lineNumber":202,"author":{"gitId":"tlylt"},"content":"### Workflow errors"},{"lineNumber":203,"author":{"gitId":"tlylt"},"content":""},{"lineNumber":204,"author":{"gitId":"tlylt"},"content":"1. You may need to ensure that the scripts are executable (which may not be true when using a Windows machine)"},{"lineNumber":205,"author":{"gitId":"tlylt"},"content":"   - By doing:"},{"lineNumber":206,"author":{"gitId":"tlylt"},"content":"     - `git update-index --chmod\u003d+x run.sh`"},{"lineNumber":207,"author":{"gitId":"tlylt"},"content":"     - `git update-index --chmod\u003d+x get-reposense.py`"},{"lineNumber":208,"author":{"gitId":"tlylt"},"content":""},{"lineNumber":209,"author":{"gitId":"tlylt"},"content":"1. You may need to ensure that the access is granted to the workflows for deployment"},{"lineNumber":210,"author":{"gitId":"tlylt"},"content":"   - By going to `settings` in the GitHub UI and ensuring that the `Actions \u003e General \u003e Workflow permissions` are set to `Read and write permissions`"}],"authorContributionMap":{"tlylt":210}},{"path":"action.yml","fileType":"yml","lines":[{"lineNumber":1,"author":{"gitId":"tlylt"},"content":"name: reposense-action"},{"lineNumber":2,"author":{"gitId":"tlylt"},"content":"description: \u0027Deploy your RepoSense Report\u0027"},{"lineNumber":3,"author":{"gitId":"tlylt"},"content":"branding:"},{"lineNumber":4,"author":{"gitId":"tlylt"},"content":"  icon: \u0027upload-cloud\u0027"},{"lineNumber":5,"author":{"gitId":"tlylt"},"content":"  color: \u0027green\u0027"},{"lineNumber":6,"author":{"gitId":"tlylt"},"content":""},{"lineNumber":7,"author":{"gitId":"tlylt"},"content":"inputs:"},{"lineNumber":8,"author":{"gitId":"tlylt"},"content":"  token:"},{"lineNumber":9,"author":{"gitId":"tlylt"},"content":"    description: the required token for deployment"},{"lineNumber":10,"author":{"gitId":"tlylt"},"content":"    required: true"},{"lineNumber":11,"author":{"gitId":"tlylt"},"content":"  version:"},{"lineNumber":12,"author":{"gitId":"tlylt"},"content":"    description: the RepoSense version to use (release/master/tag v1.6.1/etc)"},{"lineNumber":13,"author":{"gitId":"tlylt"},"content":"    default: \u0027release\u0027"},{"lineNumber":14,"author":{"gitId":"tlylt"},"content":"    type: string"},{"lineNumber":15,"author":{"gitId":"tlylt"},"content":"  configDirectory:"},{"lineNumber":16,"author":{"gitId":"tlylt"},"content":"    description: the directory to read the config files from"},{"lineNumber":17,"author":{"gitId":"tlylt"},"content":"    default: \u0027configs\u0027"},{"lineNumber":18,"author":{"gitId":"tlylt"},"content":"    type: string"},{"lineNumber":19,"author":{"gitId":"tlylt"},"content":"  service:"},{"lineNumber":20,"author":{"gitId":"tlylt"},"content":"    description: the publishing service (gh-pages/surge)"},{"lineNumber":21,"author":{"gitId":"tlylt"},"content":"    default: \u0027gh-pages\u0027"},{"lineNumber":22,"author":{"gitId":"tlylt"},"content":"    type: string"},{"lineNumber":23,"author":{"gitId":"tlylt"},"content":"  domain:"},{"lineNumber":24,"author":{"gitId":"tlylt"},"content":"    description: the domain to use"},{"lineNumber":25,"author":{"gitId":"tlylt"},"content":"    type: string"},{"lineNumber":26,"author":{"gitId":"tlylt"},"content":"  cliArgs:"},{"lineNumber":27,"author":{"gitId":"tlylt"},"content":"    description: any other arguments to pass to generate RepoSense report"},{"lineNumber":28,"author":{"gitId":"tlylt"},"content":"    default: \u0027\u0027"},{"lineNumber":29,"author":{"gitId":"tlylt"},"content":"    type: string"},{"lineNumber":30,"author":{"gitId":"tlylt"},"content":""},{"lineNumber":31,"author":{"gitId":"tlylt"},"content":"runs:"},{"lineNumber":32,"author":{"gitId":"tlylt"},"content":"  using: \u0027composite\u0027"},{"lineNumber":33,"author":{"gitId":"tlylt"},"content":"  steps:"},{"lineNumber":34,"author":{"gitId":"tlylt"},"content":"    - name: Checkout RepoSense scripts"},{"lineNumber":35,"author":{"gitId":"tlylt"},"content":"      uses: actions/checkout@v3"},{"lineNumber":36,"author":{"gitId":"tlylt"},"content":"      with:"},{"lineNumber":37,"author":{"gitId":"tlylt"},"content":"        repository: reposense/reposense-action"},{"lineNumber":38,"author":{"gitId":"tlylt"},"content":"        path: \u0027.\u0027"},{"lineNumber":39,"author":{"gitId":"tlylt"},"content":"    - name: Checkout source repo"},{"lineNumber":40,"author":{"gitId":"tlylt"},"content":"      uses: actions/checkout@v3"},{"lineNumber":41,"author":{"gitId":"tlylt"},"content":"      with:"},{"lineNumber":42,"author":{"gitId":"tlylt"},"content":"        path: curr-repo"},{"lineNumber":43,"author":{"gitId":"tlylt"},"content":"    - name: Check if config folder exists"},{"lineNumber":44,"author":{"gitId":"tlylt"},"content":"      run: |"},{"lineNumber":45,"author":{"gitId":"tlylt"},"content":"        if [ ! -d \"./curr-repo/${{ inputs.configDirectory }}\" ]; then"},{"lineNumber":46,"author":{"gitId":"tlylt"},"content":"          echo \"No configs folder found. Exiting!\""},{"lineNumber":47,"author":{"gitId":"tlylt"},"content":"          exit 1"},{"lineNumber":48,"author":{"gitId":"tlylt"},"content":"        fi"},{"lineNumber":49,"author":{"gitId":"tlylt"},"content":"      shell: bash"},{"lineNumber":50,"author":{"gitId":"tlylt"},"content":"    - uses: actions/setup-python@v3"},{"lineNumber":51,"author":{"gitId":"tlylt"},"content":"      with:"},{"lineNumber":52,"author":{"gitId":"tlylt"},"content":"        python-version: \u00273.8\u0027"},{"lineNumber":53,"author":{"gitId":"tlylt"},"content":"    - name: Install dependencies"},{"lineNumber":54,"author":{"gitId":"tlylt"},"content":"      run: pip install requests"},{"lineNumber":55,"author":{"gitId":"tlylt"},"content":"      shell: bash"},{"lineNumber":56,"author":{"gitId":"tlylt"},"content":"    - name: Install Java"},{"lineNumber":57,"author":{"gitId":"tlylt"},"content":"      uses: actions/setup-java@v3"},{"lineNumber":58,"author":{"gitId":"tlylt"},"content":"      with:"},{"lineNumber":59,"author":{"gitId":"tlylt"},"content":"        java-version: \u002711\u0027"},{"lineNumber":60,"author":{"gitId":"tlylt"},"content":"        distribution: \u0027temurin\u0027"},{"lineNumber":61,"author":{"gitId":"tlylt"},"content":"    - name: Get RepoSense"},{"lineNumber":62,"author":{"gitId":"tlylt"},"content":"      run: bash ./run.sh ${{ inputs.version }}"},{"lineNumber":63,"author":{"gitId":"tlylt"},"content":"      shell: bash"},{"lineNumber":64,"author":{"gitId":"tlylt"},"content":"    - name: Generate report"},{"lineNumber":65,"author":{"gitId":"tlylt"},"content":"      run: java -jar RepoSense.jar --config ./curr-repo/${{ inputs.configDirectory }} ${{ inputs.cliArgs}}"},{"lineNumber":66,"author":{"gitId":"tlylt"},"content":"      shell: bash"},{"lineNumber":67,"author":{"gitId":"tlylt"},"content":"    - name: Deploy via gh-pages"},{"lineNumber":68,"author":{"gitId":"tlylt"},"content":"      if: inputs.service \u003d\u003d \u0027gh-pages\u0027"},{"lineNumber":69,"author":{"gitId":"tlylt"},"content":"      uses: peaceiris/actions-gh-pages@v3"},{"lineNumber":70,"author":{"gitId":"tlylt"},"content":"      with:"},{"lineNumber":71,"author":{"gitId":"tlylt"},"content":"        github_token: ${{ inputs.token }}"},{"lineNumber":72,"author":{"gitId":"tlylt"},"content":"        user_name: github-actions[bot]"},{"lineNumber":73,"author":{"gitId":"tlylt"},"content":"        user_email: 41898282+github-actions[bot]@users.noreply.github.com"},{"lineNumber":74,"author":{"gitId":"tlylt"},"content":"        publish_dir: ./reposense-report"},{"lineNumber":75,"author":{"gitId":"tlylt"},"content":"    - name: Install Node"},{"lineNumber":76,"author":{"gitId":"tlylt"},"content":"      uses: actions/setup-node@v2"},{"lineNumber":77,"author":{"gitId":"tlylt"},"content":"      if: inputs.service \u003d\u003d \u0027surge\u0027"},{"lineNumber":78,"author":{"gitId":"tlylt"},"content":"      with:"},{"lineNumber":79,"author":{"gitId":"tlylt"},"content":"        node-version: 12"},{"lineNumber":80,"author":{"gitId":"tlylt"},"content":"    - name: Deploy via Surge.sh"},{"lineNumber":81,"author":{"gitId":"tlylt"},"content":"      if: inputs.service \u003d\u003d \u0027surge\u0027"},{"lineNumber":82,"author":{"gitId":"tlylt"},"content":"      run: |"},{"lineNumber":83,"author":{"gitId":"tlylt"},"content":"        npm i -g surge"},{"lineNumber":84,"author":{"gitId":"tlylt"},"content":"        surge --project ./reposense-report --domain ${{ inputs.domain }}"},{"lineNumber":85,"author":{"gitId":"tlylt"},"content":"      shell: bash"},{"lineNumber":86,"author":{"gitId":"tlylt"},"content":"      env:"},{"lineNumber":87,"author":{"gitId":"tlylt"},"content":"        SURGE_TOKEN: ${{ inputs.token }}"}],"authorContributionMap":{"tlylt":87}},{"path":"configs/author-config.csv","fileType":"csv","lines":[{"lineNumber":1,"author":{"gitId":"tlylt"},"content":"Repository\u0027s Location,Branch,Author\u0027s GitHub ID, Author\u0027s Emails, Author\u0027s Display Name,Author\u0027s Git Author Name,Ignore Glob List"},{"lineNumber":2,"author":{"gitId":"tlylt"},"content":"https://github.com/reposense/reposense-action.git,,tlylt,,,,"}],"authorContributionMap":{"tlylt":2}},{"path":"configs/repo-config.csv","fileType":"csv","lines":[{"lineNumber":1,"author":{"gitId":"tlylt"},"content":"Repository\u0027s Location,Branch,File formats,Ignore Glob List,Ignore standalone config,Ignore Commits List,Ignore Authors List"},{"lineNumber":2,"author":{"gitId":"tlylt"},"content":"https://github.com/reposense/reposense-action.git,main,,,,,"}],"authorContributionMap":{"tlylt":2}},{"path":"get-reposense.py","fileType":"py","lines":[{"lineNumber":1,"author":{"gitId":"tlylt"},"content":"#!/usr/bin/env python"},{"lineNumber":2,"author":{"gitId":"tlylt"},"content":""},{"lineNumber":3,"author":{"gitId":"tlylt"},"content":"import argparse"},{"lineNumber":4,"author":{"gitId":"tlylt"},"content":"import os"},{"lineNumber":5,"author":{"gitId":"tlylt"},"content":"import shutil"},{"lineNumber":6,"author":{"gitId":"tlylt"},"content":"import requests"},{"lineNumber":7,"author":{"gitId":"tlylt"},"content":"import subprocess"},{"lineNumber":8,"author":{"gitId":"tlylt"},"content":""},{"lineNumber":9,"author":{"gitId":"tlylt"},"content":"JAR_FILENAME \u003d \u0027RepoSense.jar\u0027"},{"lineNumber":10,"author":{"gitId":"tlylt"},"content":""},{"lineNumber":11,"author":{"gitId":"tlylt"},"content":"def parse_args():"},{"lineNumber":12,"author":{"gitId":"tlylt"},"content":"    parser \u003d argparse.ArgumentParser(description\u003d\u0027Downloads a specific version of RepoSense.jar from our repository.\u0027)"},{"lineNumber":13,"author":{"gitId":"tlylt"},"content":""},{"lineNumber":14,"author":{"gitId":"tlylt"},"content":"    group \u003d parser.add_mutually_exclusive_group()"},{"lineNumber":15,"author":{"gitId":"tlylt"},"content":"    group.add_argument(\u0027-r\u0027, \u0027--release\u0027, action\u003d\u0027store_true\u0027, help\u003d\u0027Get RepoSense.jar from the latest release (Stable)\u0027)"},{"lineNumber":16,"author":{"gitId":"tlylt"},"content":"    group.add_argument(\u0027-m\u0027, \u0027--master\u0027, action\u003d\u0027store_true\u0027, help\u003d\u0027Get RepoSense.jar from the latest master (Beta)\u0027)"},{"lineNumber":17,"author":{"gitId":"tlylt"},"content":"    group.add_argument(\u0027-t\u0027, \u0027--tag\u0027, help\u003d\u0027Get RepoSense.jar of a specific release version tag\u0027)"},{"lineNumber":18,"author":{"gitId":"tlylt"},"content":"    group.add_argument(\u0027-c\u0027, \u0027--commit\u0027, help\u003d\u0027Get RepoSense.jar of a specific commit\u0027)"},{"lineNumber":19,"author":{"gitId":"tlylt"},"content":""},{"lineNumber":20,"author":{"gitId":"tlylt"},"content":"    parser.add_argument(\u0027-o\u0027, \u0027--overwrite\u0027, action\u003d\u0027store_true\u0027, help\u003d\u0027Overwrite RepoSense.jar file, if exists. Default: false\u0027)"},{"lineNumber":21,"author":{"gitId":"tlylt"},"content":""},{"lineNumber":22,"author":{"gitId":"tlylt"},"content":"    return parser.parse_args()"},{"lineNumber":23,"author":{"gitId":"tlylt"},"content":""},{"lineNumber":24,"author":{"gitId":"tlylt"},"content":"def handle_specific_commit(commit):"},{"lineNumber":25,"author":{"gitId":"tlylt"},"content":"    get_reposense_jar(\u0027https://api.github.com/repos/reposense/RepoSense/commits/\u0027 + commit, commit\u003dcommit)"},{"lineNumber":26,"author":{"gitId":"tlylt"},"content":""},{"lineNumber":27,"author":{"gitId":"tlylt"},"content":"def handle_specific_release(tag):"},{"lineNumber":28,"author":{"gitId":"tlylt"},"content":"    get_reposense_jar(\u0027https://api.github.com/repos/reposense/RepoSense/releases/tags/\u0027 + tag, tag\u003dtag)"},{"lineNumber":29,"author":{"gitId":"tlylt"},"content":""},{"lineNumber":30,"author":{"gitId":"tlylt"},"content":"def handle_latest_release():"},{"lineNumber":31,"author":{"gitId":"tlylt"},"content":"    get_reposense_jar(\u0027https://api.github.com/repos/reposense/RepoSense/releases/latest\u0027)"},{"lineNumber":32,"author":{"gitId":"tlylt"},"content":""},{"lineNumber":33,"author":{"gitId":"tlylt"},"content":"def get_reposense_jar(url, tag\u003dNone, commit\u003dNone):"},{"lineNumber":34,"author":{"gitId":"tlylt"},"content":"    response \u003d requests.get(url)"},{"lineNumber":35,"author":{"gitId":"tlylt"},"content":""},{"lineNumber":36,"author":{"gitId":"tlylt"},"content":"    if tag and response.status_code \u003d\u003d 404:"},{"lineNumber":37,"author":{"gitId":"tlylt"},"content":"        print(\u0027Error, the provided tag does not exist!\u0027)"},{"lineNumber":38,"author":{"gitId":"tlylt"},"content":"        exit(1)"},{"lineNumber":39,"author":{"gitId":"tlylt"},"content":""},{"lineNumber":40,"author":{"gitId":"tlylt"},"content":"    if commit and response.status_code in [404, 422]:"},{"lineNumber":41,"author":{"gitId":"tlylt"},"content":"        print(\u0027Error, the provided commit does not exist!\u0027)"},{"lineNumber":42,"author":{"gitId":"tlylt"},"content":"        exit(1)"},{"lineNumber":43,"author":{"gitId":"tlylt"},"content":""},{"lineNumber":44,"author":{"gitId":"tlylt"},"content":"    if response.status_code in [403, 500]:"},{"lineNumber":45,"author":{"gitId":"tlylt"},"content":"        print(\u0027GitHub API has exceed the rate limit. Falling back to alternative method...\u0027)"},{"lineNumber":46,"author":{"gitId":"tlylt"},"content":"        clone_and_make_reposense(tag\u003dtag, commit\u003dcommit)"},{"lineNumber":47,"author":{"gitId":"tlylt"},"content":"        return"},{"lineNumber":48,"author":{"gitId":"tlylt"},"content":""},{"lineNumber":49,"author":{"gitId":"tlylt"},"content":"    if commit:"},{"lineNumber":50,"author":{"gitId":"tlylt"},"content":"        clone_and_make_reposense(commit\u003dcommit)"},{"lineNumber":51,"author":{"gitId":"tlylt"},"content":"        return"},{"lineNumber":52,"author":{"gitId":"tlylt"},"content":""},{"lineNumber":53,"author":{"gitId":"tlylt"},"content":"    url \u003d response.json()[\u0027assets\u0027][0][\u0027browser_download_url\u0027]"},{"lineNumber":54,"author":{"gitId":"tlylt"},"content":"    download_file(url)"},{"lineNumber":55,"author":{"gitId":"tlylt"},"content":""},{"lineNumber":56,"author":{"gitId":"tlylt"},"content":"def clone_and_make_reposense(tag\u003dNone, commit\u003dNone):"},{"lineNumber":57,"author":{"gitId":"tlylt"},"content":""},{"lineNumber":58,"author":{"gitId":"tlylt"},"content":"    # Cleanup cached RepoSense folder"},{"lineNumber":59,"author":{"gitId":"tlylt"},"content":"    shutil.rmtree(\u0027RepoSense\u0027, ignore_errors\u003dTrue)"},{"lineNumber":60,"author":{"gitId":"tlylt"},"content":""},{"lineNumber":61,"author":{"gitId":"tlylt"},"content":"    command \u003d \\"},{"lineNumber":62,"author":{"gitId":"tlylt"},"content":"    \u0027\u0027\u0027"},{"lineNumber":63,"author":{"gitId":"tlylt"},"content":"    git clone \u0027https://github.com/reposense/RepoSense.git\u0027 \u0026\u0026"},{"lineNumber":64,"author":{"gitId":"tlylt"},"content":"    cd RepoSense \u0026\u0026"},{"lineNumber":65,"author":{"gitId":"tlylt"},"content":"    \u0027\u0027\u0027"},{"lineNumber":66,"author":{"gitId":"tlylt"},"content":""},{"lineNumber":67,"author":{"gitId":"tlylt"},"content":"    if tag:"},{"lineNumber":68,"author":{"gitId":"tlylt"},"content":"        command +\u003d \u0027git checkout tags/{} -b deploy \u0026\u0026\u0027.format(tag)"},{"lineNumber":69,"author":{"gitId":"tlylt"},"content":"    elif commit:"},{"lineNumber":70,"author":{"gitId":"tlylt"},"content":"        command +\u003d  \u0027git checkout {} -b deploy \u0026\u0026\u0027.format(commit)"},{"lineNumber":71,"author":{"gitId":"tlylt"},"content":""},{"lineNumber":72,"author":{"gitId":"tlylt"},"content":"    command +\u003d \\"},{"lineNumber":73,"author":{"gitId":"tlylt"},"content":"    \u0027\u0027\u0027"},{"lineNumber":74,"author":{"gitId":"tlylt"},"content":"    ./gradlew zipreport shadowjar \u0026\u0026"},{"lineNumber":75,"author":{"gitId":"tlylt"},"content":"    mv build/jar/RepoSense.jar ../"},{"lineNumber":76,"author":{"gitId":"tlylt"},"content":"    \u0027\u0027\u0027"},{"lineNumber":77,"author":{"gitId":"tlylt"},"content":""},{"lineNumber":78,"author":{"gitId":"tlylt"},"content":"    subprocess.check_call(command, shell\u003dTrue)"},{"lineNumber":79,"author":{"gitId":"tlylt"},"content":""},{"lineNumber":80,"author":{"gitId":"tlylt"},"content":"def download_file(url):"},{"lineNumber":81,"author":{"gitId":"tlylt"},"content":"    response \u003d requests.get(url, allow_redirects\u003dTrue)"},{"lineNumber":82,"author":{"gitId":"tlylt"},"content":"    open(JAR_FILENAME, \u0027wb\u0027).write(response.content)"},{"lineNumber":83,"author":{"gitId":"tlylt"},"content":""},{"lineNumber":84,"author":{"gitId":"tlylt"},"content":"if __name__ \u003d\u003d \"__main__\":"},{"lineNumber":85,"author":{"gitId":"tlylt"},"content":"    args \u003d parse_args()"},{"lineNumber":86,"author":{"gitId":"tlylt"},"content":""},{"lineNumber":87,"author":{"gitId":"tlylt"},"content":"    if os.path.exists(JAR_FILENAME) and args.overwrite is False:"},{"lineNumber":88,"author":{"gitId":"tlylt"},"content":"        print(JAR_FILENAME + \u0027 already exists. Quitting.\u0027)"},{"lineNumber":89,"author":{"gitId":"tlylt"},"content":"        exit()"},{"lineNumber":90,"author":{"gitId":"tlylt"},"content":""},{"lineNumber":91,"author":{"gitId":"tlylt"},"content":"    if args.tag:"},{"lineNumber":92,"author":{"gitId":"tlylt"},"content":"        handle_specific_release(args.tag)"},{"lineNumber":93,"author":{"gitId":"tlylt"},"content":"        exit()"},{"lineNumber":94,"author":{"gitId":"tlylt"},"content":""},{"lineNumber":95,"author":{"gitId":"tlylt"},"content":"    if args.commit:"},{"lineNumber":96,"author":{"gitId":"tlylt"},"content":"        handle_specific_commit(args.commit)"},{"lineNumber":97,"author":{"gitId":"tlylt"},"content":"        exit()"},{"lineNumber":98,"author":{"gitId":"tlylt"},"content":""},{"lineNumber":99,"author":{"gitId":"tlylt"},"content":"    if args.master:"},{"lineNumber":100,"author":{"gitId":"tlylt"},"content":"        clone_and_make_reposense()"},{"lineNumber":101,"author":{"gitId":"tlylt"},"content":"        exit()"},{"lineNumber":102,"author":{"gitId":"tlylt"},"content":""},{"lineNumber":103,"author":{"gitId":"tlylt"},"content":"    # If no arguments are provided or --release"},{"lineNumber":104,"author":{"gitId":"tlylt"},"content":"    handle_latest_release()"}],"authorContributionMap":{"tlylt":104}},{"path":"run.sh","fileType":"sh","lines":[{"lineNumber":1,"author":{"gitId":"tlylt"},"content":"#!/bin/bash"},{"lineNumber":2,"author":{"gitId":"tlylt"},"content":""},{"lineNumber":3,"author":{"gitId":"tlylt"},"content":"# Downloads a specific version of RepoSense.jar of your choice from our repository"},{"lineNumber":4,"author":{"gitId":"tlylt"},"content":"## Examples of supported options:"},{"lineNumber":5,"author":{"gitId":"tlylt"},"content":"### ./get-reposense.py --release               # Gets the latest release (Stable)"},{"lineNumber":6,"author":{"gitId":"tlylt"},"content":"### ./get-reposense.py --master                # Gets the latest master (Beta)"},{"lineNumber":7,"author":{"gitId":"tlylt"},"content":"### ./get-reposense.py --tag v1.6.1            # Gets a specific version"},{"lineNumber":8,"author":{"gitId":"tlylt"},"content":"### ./get-reposense.py --commit abc123         # Gets a specific commit"},{"lineNumber":9,"author":{"gitId":"tlylt"},"content":"### ./get-reposense.py --release --overwrite   # Overwrite RepoSense.jar, if exists, with the latest release"},{"lineNumber":10,"author":{"gitId":"tlylt"},"content":""},{"lineNumber":11,"author":{"gitId":"tlylt"},"content":"version\u003d$1"},{"lineNumber":12,"author":{"gitId":"tlylt"},"content":""},{"lineNumber":13,"author":{"gitId":"tlylt"},"content":"if [[ -n \"$version\" ]]; then"},{"lineNumber":14,"author":{"gitId":"tlylt"},"content":"    ./get-reposense.py --$version  "},{"lineNumber":15,"author":{"gitId":"tlylt"},"content":"else"},{"lineNumber":16,"author":{"gitId":"tlylt"},"content":"    ./get-reposense.py --release"},{"lineNumber":17,"author":{"gitId":"tlylt"},"content":"fi"},{"lineNumber":18,"author":{"gitId":"tlylt"},"content":""},{"lineNumber":19,"author":{"gitId":"tlylt"},"content":"# Executes RepoSense"},{"lineNumber":20,"author":{"gitId":"tlylt"},"content":"# Do not change the default output folder name (reposense-report)"},{"lineNumber":21,"author":{"gitId":"tlylt"},"content":"## Examples of other valid options; For more, please view the user guide"},{"lineNumber":22,"author":{"gitId":"tlylt"},"content":"### java -jar RepoSense.jar --repos https://github.com/reposense/RepoSense.git"},{"lineNumber":23,"author":{"gitId":"tlylt"},"content":""},{"lineNumber":24,"author":{"gitId":"tlylt"},"content":"# java -jar RepoSense.jar --config ./configs"}],"authorContributionMap":{"tlylt":24}}]
