{"authorDailyContributionsMap":{"tlylt":[{"date":"2022-04-29","commitResults":[{"hash":"95100b492ab136263f848f6d358110ba03539142","messageTitle":"Init","messageBody":"","fileTypesAndContributionMap":{"yml":{"insertions":34,"deletions":0}}},{"hash":"b0193d8bfc809eeb9fb73ca10e8182bb15ed9c81","messageTitle":"Add readme","messageBody":"","fileTypesAndContributionMap":{"md":{"insertions":0,"deletions":0}}},{"hash":"af02b15cf2e0adf04f5f4fab0de8152a362eeb31","messageTitle":"Check version","messageBody":"","fileTypesAndContributionMap":{"yml":{"insertions":2,"deletions":0}}},{"hash":"35873d18c83f401cbf598d648d058de719629379","messageTitle":"Update","messageBody":"","fileTypesAndContributionMap":{"sh":{"insertions":75,"deletions":0},"gitignore":{"insertions":3,"deletions":0},"csv":{"insertions":4,"deletions":0},"yml":{"insertions":0,"deletions":4},"py":{"insertions":105,"deletions":0}}},{"hash":"923f2dc8c3f56a355f355383be7fa88fe797b153","messageTitle":"Update","messageBody":"","fileTypesAndContributionMap":{"yml":{"insertions":2,"deletions":1}}},{"hash":"20680ff567a0c0fb940b99ba92082de7ab7c1f5a","messageTitle":"Update","messageBody":"","fileTypesAndContributionMap":{"yml":{"insertions":1,"deletions":2}}},{"hash":"278d98650490c57d849d7582d1854c490988fe02","messageTitle":"Update","messageBody":"","fileTypesAndContributionMap":{"yml":{"insertions":3,"deletions":1}}},{"hash":"ed772f8950a85bed9dea6e540b90926b3352cd9c","messageTitle":"Update script","messageBody":"","fileTypesAndContributionMap":{"csv":{"insertions":1,"deletions":1},"yml":{"insertions":3,"deletions":2}}},{"hash":"e9f7f0de539ae6ad2a94a7e65dd7dd9c37d04380","messageTitle":"Update permission","messageBody":"","fileTypesAndContributionMap":{"py":{"insertions":0,"deletions":0}}},{"hash":"c347bdfbf2439f684ef0a6b90f87a750ec918d70","messageTitle":"Update action","messageBody":"","fileTypesAndContributionMap":{"yml":{"insertions":39,"deletions":35}}},{"hash":"71e824006067e125ebcbbb043bcc7d8b03ec10b4","messageTitle":"Update action","messageBody":"","fileTypesAndContributionMap":{"yml":{"insertions":20,"deletions":0}}},{"hash":"8ca85e32f8e5a94a60c0331d1aacfdaa71d8be22","messageTitle":"Add token","messageBody":"","fileTypesAndContributionMap":{"yml":{"insertions":3,"deletions":1}}},{"hash":"1ea92d82ccfac497dadc9d6285a3c0d8defc05c7","messageTitle":"Fix typo","messageBody":"","fileTypesAndContributionMap":{"yml":{"insertions":0,"deletions":1}}},{"hash":"14730c294c1ac355e5ab1f9a46c6c0b70694b8f3","messageTitle":"Add shell","messageBody":"","fileTypesAndContributionMap":{"yml":{"insertions":2,"deletions":0}}},{"hash":"cce1bace17d77dc925d5dbfa35a25b4921f6e247","messageTitle":"Update path","messageBody":"","fileTypesAndContributionMap":{"yml":{"insertions":3,"deletions":3}}},{"hash":"b0290988f4eb13a1de2d847efda108a9e12d04e5","messageTitle":"Update condition","messageBody":"","fileTypesAndContributionMap":{"yml":{"insertions":1,"deletions":1}}},{"hash":"92998a3ef15e1d4357949e039005a8d1bd2c0cc9","messageTitle":"Fix typo","messageBody":"","fileTypesAndContributionMap":{"yml":{"insertions":1,"deletions":1}}},{"hash":"4be120e5fcaf2b74c1f20c0c8a637af1c2eb2234","messageTitle":"Update readme","messageBody":"","fileTypesAndContributionMap":{"md":{"insertions":16,"deletions":0},"yml":{"insertions":7,"deletions":2}}},{"hash":"0fc83644ba44d01d8ed7c981016f4927e29549c5","messageTitle":"Update readme","messageBody":"","fileTypesAndContributionMap":{"md":{"insertions":3,"deletions":3}}},{"hash":"555aea6cec6f1fb82ba2ed4476bf58ac1052fd12","messageTitle":"Update config","messageBody":"","fileTypesAndContributionMap":{"sh":{"insertions":0,"deletions":57},"yml":{"insertions":7,"deletions":0}}},{"hash":"39f513c2f2be9f6fce3c5b66aa96c165d57a831a","messageTitle":"Add config option","messageBody":"","fileTypesAndContributionMap":{"sh":{"insertions":1,"deletions":1},"yml":{"insertions":10,"deletions":3}}},{"hash":"237dee5406dac3988a26d3243b71c368a8d09704","messageTitle":"Update file check","messageBody":"","fileTypesAndContributionMap":{"yml":{"insertions":6,"deletions":0}}},{"hash":"28c77649fd4719c48bdc014b41c12253f6f26c75","messageTitle":"Change order","messageBody":"","fileTypesAndContributionMap":{"yml":{"insertions":5,"deletions":5}}},{"hash":"581e0e5ff6df71d1531bbc73f20cc1ad90a9c76f","messageTitle":"Add version support","messageBody":"","fileTypesAndContributionMap":{"sh":{"insertions":1,"deletions":1},"yml":{"insertions":8,"deletions":10}}},{"hash":"d1c072116105fbde5a8dcfa2cc5081edb7a3c719","messageTitle":"Add surge option","messageBody":"","fileTypesAndContributionMap":{"yml":{"insertions":23,"deletions":3}}},{"hash":"a67cfd37145dff20367b44c6aa6973d479ae7f5a","messageTitle":"Fix script","messageBody":"","fileTypesAndContributionMap":{"sh":{"insertions":8,"deletions":2},"yml":{"insertions":1,"deletions":1}}},{"hash":"a35cfc4636e316a7ee13218d4c2d4705cc3ee159","messageTitle":"Test master","messageBody":"","fileTypesAndContributionMap":{"yml":{"insertions":2,"deletions":1}}},{"hash":"2df6a8146d988fc1f5eac86bccd03009d1c58c66","messageTitle":"Update readme","messageBody":"","fileTypesAndContributionMap":{"md":{"insertions":41,"deletions":3},"yml":{"insertions":4,"deletions":2}}},{"hash":"6b3a0556dc3e122dcc267c12d8f211ab01b71871","messageTitle":"Update readme","messageBody":"","fileTypesAndContributionMap":{"md":{"insertions":17,"deletions":3}}},{"hash":"ab97d0fde9b3819e78c63abe5040cd3760eb730d","messageTitle":"Fix typo","messageBody":"","fileTypesAndContributionMap":{"md":{"insertions":2,"deletions":2}}},{"hash":"034226720dc8e2bc699f307d7357483ff2122530","messageTitle":"Add link","messageBody":"","fileTypesAndContributionMap":{"md":{"insertions":1,"deletions":1}}},{"hash":"82ef0b6f17e164c17a9da5bb809cc1c064092965","messageTitle":"Fix typo","messageBody":"","fileTypesAndContributionMap":{"md":{"insertions":2,"deletions":1}}},{"hash":"f566b8790b6b950be7953a3c7b62e6668595885f","messageTitle":"Update example","messageBody":"","fileTypesAndContributionMap":{"md":{"insertions":1,"deletions":1}}},{"hash":"a6448e94c2a28b6fbe1d030e3075801ba820ad3f","messageTitle":"Fix usage script","messageBody":"","fileTypesAndContributionMap":{"md":{"insertions":10,"deletions":7}}}]},{"date":"2022-04-30","commitResults":[{"hash":"fe8514a8d589f5d12adc4b0ac66277ea2dc05e8e","messageTitle":"Update setting","messageBody":"","fileTypesAndContributionMap":{"md":{"insertions":1,"deletions":0},"yml":{"insertions":1,"deletions":1}}},{"hash":"316dd50426a422a36ffc69235e93bf78d8e58aef","messageTitle":"Update test","messageBody":"","fileTypesAndContributionMap":{"yml":{"insertions":2,"deletions":2}}},{"hash":"649a257b8cff3c4f195613cd321f469266d22e26","messageTitle":"Update options","messageBody":"","fileTypesAndContributionMap":{"md":{"insertions":39,"deletions":0}}},{"hash":"6574687e142df2ecca1fc1e6c1987462983b40a9","messageTitle":"Update README","messageBody":"","fileTypesAndContributionMap":{"md":{"insertions":7,"deletions":0}}},{"hash":"3de711a685b7f94bd207b8cb2952a417e8fc46fa","messageTitle":"Update README","messageBody":"","fileTypesAndContributionMap":{"md":{"insertions":59,"deletions":0}}},{"hash":"0c7b3a2beb04eef70e77f0ccecbaf470fa47afd1","messageTitle":"Add badge","messageBody":"","fileTypesAndContributionMap":{"md":{"insertions":2,"deletions":0}}}]}]},"authorFileTypeContributionMap":{"tlylt":{"yml":108,"gitignore":3,"md":180,"csv":4,"py":105,"sh":24}},"authorContributionVariance":{"tlylt":12650.934},"authorDisplayNameMap":{"tlylt":"tlylt"}}
