{"authorDailyContributionsMap":{"tlylt":[{"date":"2022-04-29","commitResults":[{"hash":"95100b492ab136263f848f6d358110ba03539142","messageTitle":"Init","messageBody":"","fileTypesAndContributionMap":{"yml":{"insertions":34,"deletions":0}}},{"hash":"b0193d8bfc809eeb9fb73ca10e8182bb15ed9c81","messageTitle":"Add readme","messageBody":"","fileTypesAndContributionMap":{"md":{"insertions":0,"deletions":0}}},{"hash":"af02b15cf2e0adf04f5f4fab0de8152a362eeb31","messageTitle":"Check version","messageBody":"","fileTypesAndContributionMap":{"yml":{"insertions":2,"deletions":0}}},{"hash":"35873d18c83f401cbf598d648d058de719629379","messageTitle":"Update","messageBody":"","fileTypesAndContributionMap":{"sh":{"insertions":75,"deletions":0},"gitignore":{"insertions":3,"deletions":0},"csv":{"insertions":4,"deletions":0},"yml":{"insertions":0,"deletions":4},"py":{"insertions":105,"deletions":0}}},{"hash":"923f2dc8c3f56a355f355383be7fa88fe797b153","messageTitle":"Update","messageBody":"","fileTypesAndContributionMap":{"yml":{"insertions":2,"deletions":1}}},{"hash":"20680ff567a0c0fb940b99ba92082de7ab7c1f5a","messageTitle":"Update","messageBody":"","fileTypesAndContributionMap":{"yml":{"insertions":1,"deletions":2}}},{"hash":"278d98650490c57d849d7582d1854c490988fe02","messageTitle":"Update","messageBody":"","fileTypesAndContributionMap":{"yml":{"insertions":3,"deletions":1}}},{"hash":"ed772f8950a85bed9dea6e540b90926b3352cd9c","messageTitle":"Update script","messageBody":"","fileTypesAndContributionMap":{"csv":{"insertions":1,"deletions":1},"yml":{"insertions":3,"deletions":2}}},{"hash":"e9f7f0de539ae6ad2a94a7e65dd7dd9c37d04380","messageTitle":"Update permission","messageBody":"","fileTypesAndContributionMap":{"py":{"insertions":0,"deletions":0}}},{"hash":"c347bdfbf2439f684ef0a6b90f87a750ec918d70","messageTitle":"Update action","messageBody":"","fileTypesAndContributionMap":{"yml":{"insertions":39,"deletions":35}}},{"hash":"71e824006067e125ebcbbb043bcc7d8b03ec10b4","messageTitle":"Update action","messageBody":"","fileTypesAndContributionMap":{"yml":{"insertions":20,"deletions":0}}},{"hash":"8ca85e32f8e5a94a60c0331d1aacfdaa71d8be22","messageTitle":"Add token","messageBody":"","fileTypesAndContributionMap":{"yml":{"insertions":3,"deletions":1}}},{"hash":"1ea92d82ccfac497dadc9d6285a3c0d8defc05c7","messageTitle":"Fix typo","messageBody":"","fileTypesAndContributionMap":{"yml":{"insertions":0,"deletions":1}}},{"hash":"14730c294c1ac355e5ab1f9a46c6c0b70694b8f3","messageTitle":"Add shell","messageBody":"","fileTypesAndContributionMap":{"yml":{"insertions":2,"deletions":0}}},{"hash":"cce1bace17d77dc925d5dbfa35a25b4921f6e247","messageTitle":"Update path","messageBody":"","fileTypesAndContributionMap":{"yml":{"insertions":3,"deletions":3}}},{"hash":"b0290988f4eb13a1de2d847efda108a9e12d04e5","messageTitle":"Update condition","messageBody":"","fileTypesAndContributionMap":{"yml":{"insertions":1,"deletions":1}}},{"hash":"92998a3ef15e1d4357949e039005a8d1bd2c0cc9","messageTitle":"Fix typo","messageBody":"","fileTypesAndContributionMap":{"yml":{"insertions":1,"deletions":1}}},{"hash":"4be120e5fcaf2b74c1f20c0c8a637af1c2eb2234","messageTitle":"Update readme","messageBody":"","fileTypesAndContributionMap":{"md":{"insertions":16,"deletions":0},"yml":{"insertions":7,"deletions":2}}}]}]},"authorFileTypeContributionMap":{"tlylt":{"yml":67,"gitignore":3,"md":16,"csv":4,"sh":75,"py":105}},"authorContributionVariance":{"tlylt":4371.4844},"authorDisplayNameMap":{"tlylt":"tlylt"}}
