{"authorDailyContributionsMap":{"tlylt":[{"date":"2022-05-02","commitResults":[{"hash":"3622a6bedec2e649eb42c89caf20aa904d910d7c","messageTitle":"Update guide URL","messageBody":"","fileTypesAndContributionMap":{"md":{"insertions":1,"deletions":1}}},{"hash":"703683f15e6bbc9fa0e7cfe83f2455b9f827a83e","messageTitle":"Add surge test","messageBody":"","fileTypesAndContributionMap":{"md":{"insertions":7,"deletions":0},"yml":{"insertions":8,"deletions":1}}},{"hash":"d3e7dfd4071eeb5cb4bb94ec4fb85cc75d0c1226","messageTitle":"Update content","messageBody":"","fileTypesAndContributionMap":{"md":{"insertions":5,"deletions":2},"yml":{"insertions":1,"deletions":1},"py":{"insertions":0,"deletions":1}}},{"hash":"44c28fc63bc80809ace7947baef8b91ef88e7da8","messageTitle":"Change color","messageBody":"","fileTypesAndContributionMap":{"yml":{"insertions":1,"deletions":1}}},{"hash":"3c0a2ef3148295dd3c1086980f87686ad8c2acaa","messageTitle":"Update to v1","messageBody":"","tags":["v1.0.0","v1"],"fileTypesAndContributionMap":{"md":{"insertions":5,"deletions":5}}}]},{"date":"2022-05-04","commitResults":[{"hash":"cb4926bdf1b660ff4ca4dfd8f0fca0efbe76c8cb","messageTitle":"Update readme","messageBody":"","fileTypesAndContributionMap":{"md":{"insertions":12,"deletions":0}}}]}]},"authorFileTypeContributionMap":{"tlylt":{"yml":9,"md":29}},"authorContributionVariance":{"tlylt":267.0},"authorDisplayNameMap":{"tlylt":"tlylt"}}
